Name,E-mail
<p>Amanda: ,amanda_77@gmail.com</p>
<p>Anthony: ,anthony_55@gmail.com</p>
<p>Chase: ,chase_85@gmail.com</p>
<p>Lawrence: ,lawrence_9@gmail.com</p>
<p>Jillian: ,jillian_17@gmail.com</p>
<p>Christina: ,christina_8@gmail.com</p>
<p>Vanessa: ,vanessa_72@gmail.com</p>
<p>Catherine: ,catherine_35@gmail.com</p>
<p>Becky: ,becky_46@gmail.com</p>
<p>Tracy: ,tracy_32@gmail.com</p>
<p>Travis: ,travis_91@yahoo.com</p>
<p>Christopher: ,christopher_92@gmail.com</p>
<p>Denise: ,denise_62@yahoo.com</p>
<p>Raymond: ,raymond_83@gmail.com</p>
<p>Brandi: ,brandi_26@gmail.com</p>
<p>Julian: ,julian_79@yahoo.com</p>
<p>Joshua: ,joshua_70@yahoo.com</p>
<p>Robert: ,robert_92@gmail.com</p>
<p>Jeremy: ,jeremy_50@gmail.com</p>
<p>Tracy: ,tracy_68@yahoo.com</p>
<p>Benjamin: ,benjamin_40@gmail.com</p>
<p>Courtney: ,courtney_63@gmail.com</p>
<p>Brian: ,brian_99@gmail.com</p>
<p>Kristi: ,kristi_52@gmail.com</p>
<p>Andrea: ,andrea_88@yahoo.com</p>
<p>Ryan: ,ryan_85@yahoo.com</p>
<p>Samantha: ,samantha_19@gmail.com</p>
<p>Jennifer: ,jennifer_57@yahoo.com</p>
<p>Todd: ,todd_34@yahoo.com</p>
<p>Frank: ,frank_51@gmail.com</p>
<p>Brianna: ,brianna_53@yahoo.com</p>
<p>Mitchell: ,mitchell_27@yahoo.com</p>
<p>Marcus: ,marcus_63@yahoo.com</p>
<p>Jocelyn: ,jocelyn_17@yahoo.com</p>
<p>Ian: ,ian_36@yahoo.com</p>
<p>Laura: ,laura_65@gmail.com</p>
<p>Michael: ,michael_33@yahoo.com</p>
<p>Amy: ,amy_39@yahoo.com</p>
<p>Joanna: ,joanna_22@yahoo.com</p>
<p>Mary: ,mary_40@gmail.com</p>
<p>Edward: ,edward_3@yahoo.com</p>
<p>Elizabeth: ,elizabeth_12@gmail.com</p>
<p>Anna: ,anna_53@yahoo.com</p>
<p>Gregory: ,gregory_3@yahoo.com</p>
<p>Valerie: ,valerie_93@yahoo.com</p>
<p>Brian: ,brian_51@yahoo.com</p>
<p>Stacy: ,stacy_96@yahoo.com</p>
<p>Patricia: ,patricia_71@yahoo.com</p>
<p>Kyle: ,kyle_18@gmail.com</p>
<p>Adriana: ,adriana_6@gmail.com</p>
<p>Julie: ,julie_45@yahoo.com</p>
<p>Monica: ,monica_84@gmail.com</p>
<p>Jack: ,jack_74@yahoo.com</p>
<p>Luke: ,luke_64@gmail.com</p>
<p>Jason: ,jason_1@yahoo.com</p>
<p>Joseph: ,joseph_19@gmail.com</p>
<p>Holly: ,holly_66@gmail.com</p>
<p>Ann: ,ann_80@yahoo.com</p>
<p>Rebecca: ,rebecca_80@yahoo.com</p>
<p>Ronald: ,ronald_62@gmail.com</p>
<p>Allison: ,allison_44@yahoo.com</p>
<p>Victoria: ,victoria_26@gmail.com</p>
<p>Kimberly: ,kimberly_18@gmail.com</p>
<p>Denise: ,denise_27@gmail.com</p>
<p>Carla: ,carla_77@yahoo.com</p>
<p>Matthew: ,matthew_48@gmail.com</p>
<p>Danielle: ,danielle_47@yahoo.com</p>
<p>Victoria: ,victoria_3@gmail.com</p>
<p>Tommy: ,tommy_77@yahoo.com</p>
<p>Ross: ,ross_11@yahoo.com</p>
<p>Jeffrey: ,jeffrey_34@gmail.com</p>
<p>Justin: ,justin_29@yahoo.com</p>
<p>Jim: ,jim_46@yahoo.com</p>
<p>Angela: ,angela_20@yahoo.com</p>
<p>Brendan: ,brendan_58@yahoo.com</p>
<p>Shawn: ,shawn_53@yahoo.com</p>
<p>Jill: ,jill_0@yahoo.com</p>
<p>Robert: ,robert_49@yahoo.com</p>
<p>Jonathan: ,jonathan_11@yahoo.com</p>
<p>William: ,william_62@yahoo.com</p>
<p>Ethan: ,ethan_15@gmail.com</p>
<p>Rachel: ,rachel_70@yahoo.com</p>
<p>Matthew: ,matthew_10@yahoo.com</p>
<p>Amanda: ,amanda_5@yahoo.com</p>
<p>Brandon: ,brandon_21@yahoo.com</p>
<p>Carlos: ,carlos_31@yahoo.com</p>
<p>Jody: ,jody_38@gmail.com</p>
<p>Nathan: ,nathan_97@yahoo.com</p>
<p>Jennifer: ,jennifer_83@gmail.com</p>
<p>Chad: ,chad_29@gmail.com</p>
<p>Jerry: ,jerry_30@gmail.com</p>
<p>Katelyn: ,katelyn_13@gmail.com</p>
<p>Connie: ,connie_55@gmail.com</p>
<p>Stephen: ,stephen_90@gmail.com</p>
<p>Thomas: ,thomas_3@yahoo.com</p>
<p>Margaret: ,margaret_33@yahoo.com</p>
<p>Melissa: ,melissa_21@gmail.com</p>
<p>William: ,william_76@yahoo.com</p>
<p>Dustin: ,dustin_78@yahoo.com</p>
<p>Robert: ,robert_65@gmail.com</p>
